Movie,RottenTomatoes,AudienceScore,TheatersOpenWeek,BOAverageOpenWeek,DomesticGross,Profitability
Spider-Man 3,61,54,4252,35540,336.53,345.3
Shrek the Third,42,57,4122,29507,322.72,499.35
Transformers,57,89,4011,17577,319.25,473.14
Pirates of the Caribbean: At World's End,45,74,4362,26302,309.42,321.14
Harry Potter and the Order of the Phoenix,78,82,4285,17998,292,626.59
I Am Legend,69,69,3606,21411,256.39,390.23
The Bourne Ultimatum,93,91,3660,18929,227.47,402.57
National Treasure: Book of Secrets,31,72,3832,11686,219.96,351.82
Alvin and the Chipmunks,26,73,3475,12750,217.33,516.19
Ratatouille,97,84,3940,11935,206.45,415.81
The Simpsons Movie,90,78,3922,18877,183.14,702.76
Wild Hogs,14,72,3287,12077,168.27,281.8
Knocked Up,91,83,2871,10690,148.77,663.86
Juno,94,89,1019,10436,143.5,3085.48
Rush Hour 3,20,68,3778,12996,140.13,184.3
Live Free or Die Hard,79,86,3408,9791,134.53,348.66
Fantastic Four: Rise of the Silver Surfer,35,55,3959,14663,131.92,222.34
American Gangster,79,87,3054,14264,130.16,266.46
Enchanted,93,80,3730,9233,127.81,400.57
Bee Movie,52,57,3928,9679,126.63,191.73
Superbad,88,87,2948,11211,121.46,849.36
I Now Pronounce You Chuck and Larry,13,73,3495,9795,120.06,218.91
Hairspray,92,84,3121,8803,118.87,270.06
Blades of Glory,69,66,3372,9790,118.59,238.87
Ocean's 13,70,74,3565,10135,117.15,366.25
Ghost Rider,28,56,3619,12541,115.8,207.94
Evan Almighty,23,56,3604,8654,100.46,99.1
Meet the Robinsons,66,75,3413,7361,97.82,169.33
Norbit,9,56,3136,10904,95.67,265.52
The Bucket List,41,81,2911,6661,93.47,389.72
The Game Plan,27,75,3103,7396,90.65,672.18
Beowulf,71,52,3153,8726,82.28,130.93
Disturbia,67,75,2925,7598,80.21,588.79
No Country for Old Men,95,84,860,9042,74.28,686.5
The Golden Compass,42,55,3528,7308,70.11,206.8
Charlie Wilson's War,82,73,2575,3750,66.66,158.67
Saw IV,18,70,3183,9976,63.3,1393.52
Stomp the Yard,27,83,2051,10645,61.36,539.36
Surf's Up,78,64,3528,5000,58.87,175.34
Halloween,26,64,3472,7592,58.27,401.27
Tyler Perry's Why Did I get Married,46,47,2011,10618,55.2,372.41
TMNT,33,63,3110,7799,54.15,273.17
P.S. I Love You,21,82,2454,2641,53.7,522.78
3:10 to Yuma,88,85,2652,5292,53.61,145.86
Sweeney Todd: The Demon Barber of Fleet Street,86,81,1249,7446,52.9,305.05
Music and Lyrics,63,70,NA,NA,50.57,364.74
Michael Clayton,90,72,2511,4131,49.03,371.96
Premonition,8,55,2831,6202,47.85,420.73
The Kingdom,52,78,2793,6135,47.54,108.32
Shooter,47,82,2806,5175,47,156.88
License to Wed,8,55,2604,4002,43.8,198.02
No Reservations,39,64,2425,4826,43.11,330.71
Alien vs. Predator -- Requiem,14,37,2611,3853,41.8,322.21
There Will Be Blood,91,84,885,5502,40.22,304.72
Epic Movie,2,38,2801,6644,39.74,434.33
Hitman,15,61,2458,5362,39.69,571.23
30 Days of Night,50,57,2855,5587,39.57,235.95
Stardust,76,86,2540,3610,38.63,193.66
The Brave One,43,65,2755,4889,36.79,99.69
The Heartbreak Kid,30,41,3229,4342,36.79,212.94
Smokin' Aces,27,64,2218,6599,35.79,335.9
Good Luck Chuck,3,61,2612,5226,35.02,236.76
Zodiac,89,73,2362,5671,33.08,130.44
Mr. Magorium's Wonder Emporium,36,56,3164,3043,32.06,277.9
We Own the Night,55,63,2362,4583,28.56,261.55
Mr. Brooks,56,75,2453,4083,28.55,240.61
The Nanny Diaries,33,52,2629,2845,25.93,238.69
Nancy Drew,49,61,2612,2615,25.61,153.33
The Mist,72,64,2423,3686,25.59,318.29
The Reaping,9,53,2603,3851,25.13,156.93
Grindhouse,82,86,2624,4419,25.04,47.96
Sicko,93,87,702,5128,24.54,400.98
Across the Universe,54,84,954,4009,24.34,65.26
The Hills Have Eyes 2,11,50,2447,3958,20.8,249.77
Vacancy,55,46,2551,2980,19.36,185.79
Waitress,89,67,605,3327,19.07,1108.9
Into the Wild,82,90,658,3249,18.35,375.03
Walk Hard: The Dewey Cox Story,75,55,2650,1575,18.32,58.79
Next,29,59,2725,2617,18.21,108.67
Hostel: Part II,44,45,2350,3490,17.61,356.19
The Kite Runner,66,85,715,2243,15.8,366.38
Happily N'Ever After,4,43,2381,2775,15.59,81.03
The Invasion,19,43,2776,2143,15.07,50.21
Lions for Lambs,27,48,2215,3025,15,180.61
Daddy Day Camp,1,63,2332,1459,13.24,303.28
Shoot 'Em Up,67,66,2108,2711,12.81,68.77
The Darjeeling Limited,67,79,698,2523,11.9,200.45
In the Land of Women,43,72,2155,2186,11.05,175.61
Dragon Wars (aka D-War),27,44,2277,2213,10.98,100.14
Pathfinder: Legend of the Ghost Warrior,11,41,1720,2907,10.23,118.55
The Dark Knight,94,96,4366,36283,534.86,543
Iron Man,94,91,4105,24024,318.76,314.8
Indiana Jones and the Kingdom of the Crystal Skull,77,59,4260,23507,317.1,425.21
Hancock,40,67,3965,15789,227.95,416.26
WALL-E,96,89,3992,15803,223.81,289.62
Kung Fu Panda,88,83,4114,14642,215.43,315.87
Madagascar: Escape 2 Africa,64,73,4056,15559,180.01,402.6
Twilight,49,82,3419,20368,192.77,1061.12
Quantum of Solace,64,62,3451,19568,168.37,254.82
Dr. Seuss' Horton Hears a Who!,79,75,3954,11384,154.53,349.57
Sex and the City,49,81,3285,17363,152.65,722.18
Gran Torino,80,90,NA,NA,148.1,818.05
Mamma Mia!,53,76,2976,9325,144.13,924
The Chronicles of Narnia: Prince Caspian,66,78,3929,14007,141.62,209.83
Slumdog Millionaire,94,90,NA,NA,141.32,2519.39
The Incredible Hulk,67,75,3505,15810,134.81,191.58
Wanted,73,72,3175,16040,134.51,455.24
Get Smart,51,73,3911,9891,130.32,288.36
Four Christmases,26,52,NA,NA,120.15,204.67
Tropic Thunder,83,69,3319,7777,110.52,208.97
Bedtime Stories,25,63,3681,7457,110.1,266.09
Bolt,89,76,3651,7182,114.05,206.65
Marley and Me,63,77,3480,10448,143.15,441.3
The Mummy: Tomb of the Dragon Emperor,14,40,3760,10760,102.49,276.64
Journey to the Center of the Earth,61,55,2811,7477,101.7,537.76
Eagle Eye,27,72,3510,8305,101.44,222.58
Step Brothers,54,68,3094,10000,100.47,197.09
You Don't Mess with the Zohan,36,50,3462,11130,100.02,249.92
Yes Man,43,72,3434,5318,97.69,318.91
"10,000 B.C.",9,44,3410,10518,94.78,256.94
Beverly Hills Chihuahua,41,56,3215,9114,94.51,746.41
High School Musical 3: Senior Year,65,76,3623,11601,90.56,2299.16
Pineapple Express,68,74,3072,7567,87.34,390.86
Valkyrie,58,66,2711,7756,83.08,267.03
21,35,73,2648,9103,81.16,451.22
What Happens in Vegas,28,72,3215,6274,80.28,626.79
Jumper,16,50,3428,7980,80.17,269.37
Cloverfield,77,67,3411,11744,80.05,683.05
The Curious Case of Benjamin Button,73,81,2988,8987,127.51,208.71
27 Dresses,40,71,3057,7526,76.81,534.19
Hellboy II: The Golden Army,87,70,3204,10780,75.99,194.41
The Day the Earth Stood Still,19,34,3560,8562,79.37,233.09
Vantage Point,35,61,3149,7264,72.27,377.9
The Spiderwick Chronicles,79,67,3847,4940,71.2,176.04
Fool's Gold,11,53,3125,6909,70.23,153.42
Role Models,77,75,2792,6865,67.29,329.93
The Happening,19,29,2986,10220,64.51,340.42
Forgetting Sarah Marshall,85,75,2798,6791,63.17,350.57
Burn After Reading,78,64,2651,7215,60.36,442.48
Baby Mama,63,59,2543,6845,60.49,91.66
Seven Pounds,27,77,2758,5385,69.95,305.76
Step Up 2: The Streets,26,81,2470,7655,58.02,861.8
Saw V,13,63,3030,9822,56.75,1054.29
The Strangers,44,48,2466,8515,52.6,915.44
The Forbidden Kingdom,64,65,3151,6791,52.08,232.69
The Tale of Despereaux,54,46,3104,3255,50.88,158.09
The House Bunny,39,54,2714,5355,48.24,281.77
Nim's Island,51,50,3513,3760,48.01,270.47
Australia,55,69,2642,5602,49.55,270.95
Made of Honor,13,61,2729,5407,46.01,264.91
College Road Trip,13,56,2706,5026,45.61,36.82
The Sisterhood of the Traveling Pants 2,65,67,2707,3945,44.09,164.26
Speed Racer,38,61,3606,5174,43.95,78.29
Prom Night,8,46,2700,7705,43.87,317.76
Rambo,36,70,2751,6617,42.75,238.41
"Welcome Home, Roscoe Jenkins",24,64,2387,6790,42.44,124.71
Tyler Perry's Meet the Browns,31,36,2006,10011,41.98,209.88
Nights in Rodanthe,31,56,2704,4962,41.85,281.25
Max Payne,16,36,3376,5225,40.69,244.05
Righteous Kill,19,44,3152,5168,40.08,130.77
Lakeview Terrace,46,44,2464,6090,39.26,223.27
Body of Lies,53,65,2710,4754,39.39,170.51
Meet the Spartans,2,31,2605,7104,38.23,282.15
Harold and Kumar Escape from Guantanamo Bay,54,65,2510,5939,38.11,362.43
First Sunday,13,59,2213,8004,37.93,298.48
The Secret Life of Bees,56,78,1591,6617,37.77,363.15
Tyler Perry's The Family That Preys,51,36,2070,8397,37.11,371.05
Death Race,42,69,2532,4985,36.32,168.17
Changeling,62,84,1850,5055,35.74,205.49
Star Wars: The Clone Wars,19,46,3452,4233,35.16,803.32
Semi-Pro,21,41,3121,4830,33.48,1687.85
Fireproof,40,51,839,8148,33.46,6694.4
Drillbit Taylor,26,49,3056,3373,32.86,124.23
The Love Guru,14,38,3012,4617,32.24,65.91
"Definitely, Maybe",71,72,2204,4430,32.24,792.1
Milk,94,88,36,40385,31.84,272.93
Transporter 3,36,58,2626,4594,31.72,363.26
Quarantine,59,46,2461,5775,31.69,344.33
Nick and Norah's Infinite Playlist,73,67,2421,4672,31.49,335.05
The Eye,22,51,2436,5101,31.42,474.69
Zack and Miri Make a Porno,64,70,3735,3680,31.46,175.43
Leatherheads,52,41,2769,4580,31.37,71.2
Mirrors,14,49,2664,4190,30.69,221.39
Space Chimps,36,37,2511,2860,30.11,175.22
The Bank Job,78,74,1603,3702,30.06,324.11
Untraceable,14,56,2368,4795,28.69,150.45
The Women,13,41,2962,3415,26.9,312.54
One Missed Call,0,36,2240,5585,26.89,229.24
The Other Boleyn Girl,41,65,1166,7035,26.81,194.28
Street Kings,37,62,2467,5054,26.42,327.86
Shutter,7,40,2753,3794,25.93,598.48
Superhero Movie,15,36,2960,3212,25.88,109.6
W.,60,42,2030,5175,25.53,117.55
Never Back Down,23,37,2729,3152,24.85,198.22
Traitor,55,66,2054,3831,23.53,125.74
Vicky Cristina Barcelona,82,73,692,5427,23.22,602.55
Babylon A.D.,7,32,3390,2798,22.53,160.24
The X-Files: I Want to Believe,32,34,3185,3147,20.98,195.34
Mad Money,22,51,2470,3132,20.67,120.05
Appaloosa,77,55,1045,4833,20.21,138.33
Igor,36,42,2339,NA,19.53,102.49
My Best Friend's Girl,14,51,2604,3174,19.22,208.11
Doubt,78,75,1267,4214,33.45,203.62
The Spirit,14,29,2509,2576,19.81,650.52
Kit Kittredge: An American Girl,78,26,NA,NA,17.66,176.57
The Ruins,46,32,2812,2846,17.43,90.91
88 Minutes,5,51,2168,3209,17.21,108.64
Swing Vote,36,44,2213,2815,16.29,88.17
Pride & Glory,34,54,2585,2423,15.74,103.82
Bangkok Dangerous,9,33,2650,2937,15.3,94.42
Disaster Movie,2,28,2642,2209,14.19,174.08
The Duchess,60,68,NA,NA,13.85,320.78
The Haunting of Molly Hartley,3,22,2652,2045,13.56,308.34
Ghost Town,85,60,1505,3330,13.37,135.37
Religulous,70,78,502,6792,13.01,545.52
Rachel Getting Married,85,61,9,32597,12.8,138.52
The Pirates Who Don't Do Anything,41,NA,NA,NA,12.98,87.69
Under the Same Moon,72,37,266,10412,12.59,1371.24
Miss Pettigrew Lives for a Day,78,70,535,4655,12.31,27.87
Soul Men,45,42,2044,2643,12.08,NA
Meet Dave,19,42,3011,1744,11.8,84.42
The Longshots,39,39,2089,1953,11.54,39.22
"Be Kind, Rewind",65,57,808,5013,11.18,152.88
Doomsday,48,47,1936,2544,11.01,67.3
Stop-Loss,65,27,1291,3528,10.92,44.82
Penelope,52,74,NA,NA,10.01,141.03
The Express,62,73,2808,1625,9.79,26.15
Smart People,50,41,1106,3700,9.51,169.19
The Visitor,92,83,NA,NA,9.43,451.95
The Boy in the Striped Pyjamas,63,84,NA,NA,9.05,323.33
Sex Drive,46,61,2421,1490,8.4,98.71
Cadillac Records,67,64,687,5015,8.2,73.99
Punisher: War Zone,27,47,2508,1703,8.05,28.85
Miracle at St. Anna,34,68,1185,2935,7.92,20.72
City of Ember,52,48,2022,1548,7.87,47.18
In Bruges,81,85,NA,NA,7.8,222.62
Expelled: No Intelligence Allowed,10,42,1052,2824,7.72,220.57
Over Her Dead Body,15,47,NA,NA,7.56,214.57
Avatar,83,92,3452,22313,760.5,1173.63
Transformers: Revenge of the Fallen,20,76,4234,25736,402.1,398.24
Harry Potter and the Half-Blood Prince,83,75,4325,17997,302,373.6
The Twilight Saga: New Moon,27,78,4024,35497,296.62,1419.64
Up,98,86,3766,18085,293,417.89
The Hangover,79,87,3269,13759,277.3,1335.6
Star Trek,94,91,3849,19539,257.7,275.46
The Blind Side,65,90,3110,10971,255.96,1066.2
Alvin and the Chipmunks: The Squeakquel,21,59,3700,13210,219.5,587.6
Sherlock Holmes,70,81,3626,17183,209.02,582.24
Monsters Vs. Aliens,72,65,4104,14454,198.4,218
Ice Age: Dawn of the Dinosaurs,45,72,4099,10171,196.57,985.2
X-Men Origins: Wolverine,37,72,4099,20751,179.9,248.73
Night at the Museum: Battle of the Smithsonian,43,60,4096,13226,177.2,275.33
2012,39,63,3404,19165,166.12,384.84
The Proposal,43,74,3056,11004,163.96,786.75
Fast and Furious,28,76,3461,20500,155.1,427.18
G.I. Joe: The Rise of Cobra,33,62,4007,13654,150.2,172.63
Paul Blart: Mall Cop,33,50,3144,10125,146.33,704.92
Taken,58,83,3183,7765,145,907.2
A Christmas Carol,52,72,3683,8159,137.9,162.67
Angels & Demons,36,65,3527,13100,133.4,323.93
Terminator Salvation,33,64,3530,12056,125.3,186
Cloudy with a Chance of Meatballs,86,70,3119,9716,124.9,243.03
Inglourious Basterds,88,87,3135,12024,120.5,459.16
G-Force,22,50,3697,8576,119.4,190.07
District 9,91,81,3049,12251,115.6,702.57
It's Complicated,56,63,2887,7655,112.73,257.76
Couples Retreat,12,47,3000,11429,109.2,286.38
Paranormal Activity,82,56,760,25813,107.92,NA
Watchmen,64,68,3611,15291,107.5,142.54
The Princess and the Frog,84,72,3434,7050,104.4,254.32
Public Enemies,67,65,3334,7580,97.1,214.1
Julie & Julia,74,69,2354,8508,94.12,316.43
He's Just Not That Into You,42,60,3175,8751,93.95,715.36
The Ugly Truth,14,68,2882,9579,88.9,540.22
Up in the Air,90,76,1895,5947,83.82,800.81
Knowing,33,50,3332,7384,79.95,367.16
Hannah Montana: The Movie,44,66,3118,10367,79.58,444.43
Where the Wild Things Are,73,59,3735,8754,77.23,100.08
Zombieland,90,87,3036,8147,75.59,433.86
Coraline,89,77,2299,7329,75.28,207.63
Law Abiding Citizen,25,77,2890,7280,73.4,238.64
Hotel for Dogs,46,57,3271,5201,73,337.71
Michael Jackson's This Is It,81,82,3481,6675,72.1,435.32
"I Love You, Man",83,72,2711,6570,71.4,228.5
Obsessed,20,50,2514,11318,68.26,369.1
Race to Witch Mountain,42,50,3187,7651,67.17,212.76
The Final Destination,29,52,3121,8782,66.5,465.47
The Taking of Pelham 1 2 3,51,60,3074,7603,65.45,150.16
Friday the 13th,25,52,3105,13066,65,481.05
17 Again,55,70,3255,7288,64.2,681.5
The Time Traveler's Wife,38,65,2988,6233,63.41,259.82
Bruno,68,48,2756,11110,60.1,311.43
Bride Wars,11,56,3226,6528,58.75,383.83
The Haunting in Connecticut,17,51,2732,8420,55.39,258.4
Ghosts of Girlfriends Past,27,47,3175,4854,55.25,204.44
Funny People,68,58,3007,7535,51.85,95.44
My Bloody Valentine 3-D,57,48,2534,8383,51.54,719.49
Old Dogs,5,49,3425,4933,49.49,276.43
Land of the Lost,26,38,3521,5350,49.43,68.77
My Sister's Keeper,47,73,2606,4774,49.2,348.05
Underworld: Rise of the Lycans,30,68,2942,7080,45.8,261
Confessions of a Shopaholic,24,53,2507,6010,44.27,155
The Lovely Bones,32,57,2563,6635,44,143.86
Year One,14,31,3022,6489,43.33,103.92
The Unborn,11,39,2357,8405,42.67,478.19
Planet 51,22,45,3035,4048,42.19,150.91
Drag Me to Hell,92,61,2508,6310,42.1,302.67
Orphan,55,65,2750,4681,41.59,255.64
Duplicity,64,38,2574,5425,40.57,130.23
Surrogates,39,42,2951,5050,38.57,153.04
Ninja Assassin,25,57,2503,5320,38.12,123.18
Invictus,75,74,2125,4052,37.49,203.72
State of Play,84,71,2803,5020,37.02,147
Notorious,50,66,1638,12514,36.84,221.8
The Pink Panther 2,12,47,3243,3573,35.92,128.71
All About Steve,6,35,2251,4994,33.86,267.47
Halloween II,20,45,3025,5405,33.39,262.73
The Informant!,78,42,2505,4177,33.31,189.82
The Men Who Stare at Goats,52,43,2443,5201,32.4,275.76
(500) Days of Summer,87,81,817,4577,32.39,809.6
Push,22,47,2313,4358,31.81,128.55
9,57,58,1661,10398,31.74,161.37
The Soloist,56,59,2024,4801,31.7,63.85
Did You Hear About the Morgans?,12,31,2718,2434,29.58,147.03
The Stepfather,12,48,2734,4236,29.1,156
The Uninvited,31,52,2344,4405,28.6,NA
Brothers,61,62,2088,4563,28.5,166.42
Saw VI,40,67,3036,4650,27.69,619.91
Dance Flick,17,35,2450,4344,25.66,125.72
The Fourth Kind,18,44,2527,4840,25.48,477
The International,58,39,2364,3947,25.4,120.2
Aliens in the Attic,30,46,3106,2578,25.2,128.62
Observe and Report,51,40,2727,4040,24,149.78
Love Happens,18,40,1898,4245,22.96,200.44
Fame,25,43,3096,3234,22.46,428.95
Fantastic Mr. Fox,93,80,2033,3426,21,116.15
Gamer,29,43,2502,3659,20.53,326.56
Nine,37,40,1412,3862,19.67,67.49
Astro Boy,49,53,3014,2224,19.55,61.36
The Invention of Lying,56,47,1707,4117,18.45,175.14
Inkheart,39,51,2655,2862,17.3,104.07
Fired Up!,22,52,1810,3030,17.2,93
The Hurt Locker,97,83,4,36338,17.01,328.13
Jennifer's Body,42,37,2702,2542,16.2,197.19
Imagine That,38,44,3008,1830,16.12,41.8
Adventureland,89,56,1862,3073,16.04,175.1
Armored,40,34,1915,3400,15.99,80
A Perfect Getaway,61,50,2159,2755,15.5,163.07
The Box,46,27,2635,2873,15.1,111.27
I Love You Beth Cooper,14,38,1856,2648,14.8,87.89
Amelia,21,35,820,4761,14.25,48
Cirque du Freak: The Vampire's Assistant,38,50,2754,2285,13.87,98.08
Crank: High Voltage,62,54,2223,3133,13.7,267.44
Whip It,84,73,1721,2702,13,106.67
An Education,94,78,761,1003,12.57,347.87
12 Rounds,30,52,2331,2286,12.23,86.38
Sunshine Cleaning,72,59,642,1527,12.06,331.4
Sorority Row,22,38,2665,1899,11.97,217.68
Extract,62,37,1611,2694,10.8,144.33
Not Easily Broken,34,66,724,7340,10.6,214
Pandorum,28,49,2506,1765,10.3,42.5
Whiteout,7,28,2745,1791,10.28,34.86
Next Day Air,21,27,1138,3613,10,333.33
Away We Go,67,74,4,32603,9.45,70.9
Dragonball Evolution,15,28,2181,2181,9.36,194.1
A Serious Man,89,64,6,41890,9.23,448.99
Everybody's Fine,46,55,2133,1806,9.2,78.1
Street Fighter: The Legend of Chun-Li,16,28,1136,4156,8.74,24.68
My Life in Ruins,9,43,1164,2769,8.67,106
"Pirate Radio (The Boat that Rocked, UK)",60,72,882,3293,8.01,72.68
The Road,75,65,111,13534,8.12,110.51
Taking Woodstock,48,48,1393,2482,7.46,34.4
Post Grad,7,31,1959,1354,6.38,42.53
Whatever Works,50,63,9,29574,5.3,233.94
Bandslam,79,60,2121,1052,5.2,61
127 Hours,93,84,916,2333,18.33,337.39
A Nightmare on Elm Street,13,40,3332,9875,63.08,330.49
Alice in Wonderland,52,72,3728,31143,334.19,512.73
All About Steve,6,35,2251,4994,33.86,267.47
Alpha and Omega,17,41,2625,3469,25.11,252.54
Black Swan,88,86,959,8742,106.95,2533.82
Brooklyn's Finest,42,47,1936,6896,27.16,214.35
Buried,86,63,11,9115,1.04,957.4
Burlesque,36,66,3037,3934,39.44,162.76
Case 39,23,42,2211,2420,13.26,108.42
Cats & Dogs: The Revenge of Kitty Galore,13,43,3705,3314,43.59,132.34
Charlie St. Cloud,27,62,2718,4555,31.16,109.52
City Island,81,77,2,16000,6.67,131.23
Clash of the Titans,28,48,3777,16213,163.21,394.57
Conviction,68,71,672,2424,6.79,77.68
Cop Out,19,45,3150,5781,44.88,185.29
Country Strong,20,56,1424,5145,20.22,136.85
Cyrus,80,51,4,45429,7.47,141.71
Date Night,66,58,3374,7471,98.71,276.84
Daybreakers,67,50,2523,6003,30.1,257.05
Dear John,29,66,2969,10262,80.01,459.88
Death at a Funeral,40,48,2459,6595,42.74,233.57
Despicable Me,81,81,3476,16225,251.51,787.12
Devil,52,45,2809,4375,33.6,626.94
Diary of a Wimpy Kid,53,49,3077,7191,64,504.67
Dinner for Schmucks,43,47,2911,8082,73.03,125.88
Due Date,40,56,3355,9743,100.54,423.56
Easy A,85,75,2856,6209,58.4,936.88
Eat Pray Love,36,46,3082,7497,80.57,340.98
Edge of Darkness,55,56,3066,5615,43.31,101.4
Extraordinary Measures,27,55,2549,2359,12.07,48.84
Faster,41,50,2454,3873,23.24,148.44
For Colored Girls,33,73,2127,9167,37.73,262.14
From Paris with Love,38,57,2722,2997,24.08,101.59
Furry Vengeance,8,36,2997,2211,17.63,103.53
Get Him to the Greek,73,63,2697,6515,60.97,228.14
Going the Distance,53,56,3030,2272,17.8,131.41
Green Zone,53,60,3003,4765,35.05,94.88
Greenberg,75,40,3,39384,4.23,NA
Grown Ups,10,59,3534,11462,162,339.29
Gulliver's Travels,21,31,2546,2477,42.78,211.95
Harry Potter and the Deathly Hallows Part 1,79,87,4125,30307,295,767.44
Hot Tub Time Machine,64,57,2754,5091,50.29,179.36
How to Train Your Dragon,98,90,4055,10785,217.58,299.93
I Love You Phillip Morris,71,57,100,NA,2.04,138.15
Inception,86,93,3792,16557,292.58,515.96
Iron Man 2,74,80,4380,29252,312.43,311.97
Jackass 3-D,63,72,3081,16343,117.23,858.43
Jonah Hex,13,24,2825,1904,10.55,23.21
Just Wright,45,58,1831,4525,21.54,179.74
Kick-Ass,76,83,3065,6469,48.07,320.63
Killers,11,45,2859,5539,47.06,130.88
Knight and Day,53,52,3098,6501,76.42,223.87
Leap Year,21,49,2511,3665,25.92,171.62
Legend of the Guardians: The Owls of Ga'Hoole,51,65,3575,4507,55.68,175.09
Legion,19,36,2476,7069,40.17,261.23
Letters to Juliet,40,62,2968,4562,53.03,263.93
Life as We Know It,28,62,3150,4605,53.13,102.1
Little Fockers,9,40,3536,8720,148.44,310.65
Love & Other Drugs,48,55,2455,3967,32.37,342.67
MacGruber,47,33,2551,1585,8.53,93.27
Machete,73,66,2670,4276,26.59,220.45
Marmaduke,9,46,3213,3610,33.64,167.51
Megamind,72,73,3944,11668,148.42,247.6
Morning Glory,54,54,2518,3655,31.01,150.1
My Soul to Take,9,29,2572,2660,14.74,83.88
Nanny McPhee Returns,77,54,2784,3020,29.01,266.4
Never Let Me Go,70,70,4,NA,2.43,63
Our Family Wedding,14,49,1605,4754,20.26,NA
Paranormal Activity 2,NA,NA,3216,12649,84.75,5917.03
Percy Jackson & the Olympians: The Lightning Thief,50,57,3356,9308,88.77,238.42
Piranha 3-D,74,45,2470,4092,25,346.62
Please Give,88,62,NA,NA,4.03,143.63
Predators,64,52,2669,9277,52,318.08
Prince of Persia: The Sands of Time,36,71,3646,8254,90.76,168.18
Red,71,72,3255,6686,90.38,343.11
Remember Me,28,70,2212,3657,19.07,350.21
Repo Men,22,43,2521,2430,13.79,57.53
Resident Evil: Afterlife,24,53,3203,8320,60.13,493.7
Robin Hood,42,59,3503,10295,105.27,160.83
Salt,62,62,3612,9970,118.31,266.82
Saw 3-D,10,47,2808,8024,45.71,680.75
Scott Pilgrim vs. the World,81,83,2818,3765,31.52,79.43
Sex and the City 2,15,49,3445,8999,95.35,288.35
She's Out of My League,57,60,2956,3307,32.01,248.89
Shrek Forever After,57,64,4359,16251,238.74,456.12
Shutter Island,68,73,2991,13729,128.01,368.5
Skyline,16,19,2880,4060,21.39,668.17
Solitary Man,81,47,4,23734,4.36,34.52
Step Up 3D,46,67,2435,6494,42.4,530.97
Stone,49,20,6,12628,1.81,43.09
Takers,27,57,2206,9298,57.74,215.78
Tangled,89,88,3603,13535,200.82,227.61
The A-Team,47,71,3535,7262,77.22,177.24
The American,66,37,2823,4668,35.61,339.38
The Back-up Plan,20,47,3280,3720,37.49,221.36
The Book of Eli,48,68,3111,10540,94.84,196.38
The Bounty Hunter,7,41,3074,6729,67.06,340.83
The Chronicles of Narnia: The Voyage of the Dawn Treader,49,63,3555,6752,104.39,268.18
The Crazies,72,54,2476,6489,39.12,274.02
The Expendables,40,58,3270,10650,103.07,334.72
The Fighter,91,88,2503,4848,93.62,516.62
The Ghost Writer,83,68,819,2520,15.54,133.82
The Joneses,61,47,NA,NA,1.48,19.7
The Karate Kid,66,75,3663,15197,176.59,897.8
The Kids Are All Right,94,72,847,4162,20.81,867.6
The King's Speech,95,93,700,6406,138.79,2761.36
The Last Airbender,6,42,3169,12725,131.77,213.14
The Last Exorcism,73,32,2874,7087,41.03,3762.94
The Last Song,19,66,2673,5989,62.95,445.2
The Losers,47,55,2936,3204,23.59,117.52
The Next Three Days,51,66,2564,2552,21.15,224.83
The Other Guys,78,57,3651,9735,119.22,170.43
The Runaways,68,56,244,3300,3.57,46.77
The Social Network,96,89,2771,8100,96.96,449.84
The Sorcerer's Apprentice,42,57,3504,5028,63.15,143.52
The Spy Next Door,13,46,2924,3326,24.31,NA
The Switch,52,44,2012,4193,27.78,262.27
The Tourist,20,44,2756,5977,67.63,278.35
The Town,94,83,2856,8322,92.19,416.28
The Twilight Saga: Eclipse,50,74,4468,14510,300.53,1027.19
The Wolfman,33,38,3222,9770,61.98,93.19
Tooth Fairy,16,46,3344,4190,60.02,234.29
Toy Story 3,99,91,4028,27385,415,531.58
Tron: Legacy,50,67,3451,12578,172.06,235.33
True Grit,96,86,3047,8149,171.24,663.88
Unstoppable,86,73,3207,7075,81.56,176.63
Valentine's Day,17,54,3655,15351,110.49,416.32
Vampires Suck,4,32,3233,3774,36.66,402.73
Wall Street: Money Never Sleeps,54,43,3565,5333,52.47,192.49
When in Rome,15,44,2456,5029,32.68,NA
Why Did I Get Married Too?,27,67,2155,13591,60.09,303.35
Yogi Bear,14,36,3515,4669,100.25,251.98
You Again,18,45,2548,3300,25.7,160.02
You Will Meet a Tall Dark Stranger,43,35,402,NA,3.24,155.76
Youth in Revolt,68,52,1873,3678,15.28,109.16
Harry Potter and the Deathly Hallows Part 2,96,92,4375,38672,381.01,1073.21
Pirates of the Caribbean:On Stranger Tides,34,61,4155,21697,241.07,418.28
Cars 2,38,56,4115,16072,191.45,279.93
Transformers: Dark of the Moon,35,67,4088,23937,352.39,576.3
Twilight: Breaking Dawn,26,68,4061,34012,281.29,647.43
Thor,77,80,3955,16618,181.03,299.55
Puss In Boots,83,76,3952,8623,149.26,426.91
Kung Fu Panda 2,82,80,3925,12142,165.25,443.79
Rango,88,69,3917,9722,123.48,182.02
Rio,71,73,3826,10252,143.62,538.48
Green Lantern,27,48,3816,13935,116.6,109.93
Cowboys and Aliens,44,50,3750,9715,100.24,107.25
Captain America: The First Avenger,78,75,3715,17512,176.65,264.69
Sherlock Holmes 2,60,79,3703,10704,186.85,436.36
Rise of the Planet of the Apes,83,87,3648,15024,176.7,518
Fast Five,78,83,3644,23655,209.4,500.9
X-Men: First Class,87,88,3641,15134,146.41,221.01
The Hangover Part II,35,58,3615,23775,254.46,733.46
Happy Feet 2,41,59,3606,5889,64.01,111.41
The Green Hornet,44,47,3584,9335,98.78,189.85
Hop,26,50,3579,10490,108.09,291.99
Footloose,71,71,3549,4383,51.8,264.76
Just Go With It,19,63,3548,8601,103.03,268.68
Dolphin Tale,84,81,3507,5461,72.29,257.86
New Year's Eve,8,48,3505,3714,54.54,253.64
Zookeeper,14,42,3482,5763,80.36,212.31
Mission Impossible 4,93,86,3448,8672,209.39,479.11
Real Steel,58,81,3440,7942,85.47,272.06
The Muppets,97,87,3440,8500,88.63,367.08
Jack and Jill,4,59,3438,7273,74.16,189.47
Battle: Los Angeles,35,50,3417,10411,83.55,302.6
The Smurfs,23,50,3395,10489,142.61,512.5
Super 8,82,78,3379,10492,127,520.19
Arthur Christmas,92,82,3376,3537,46.46,98.27
Tower Heist,68,61,3367,7135,78.04,203.9
Mr. Popper's Penguins,47,54,3339,5524,68.22,340.66
Apollo 18,23,31,3328,2615,17.69,511.24
Paranormal Activity 3,68,58,3321,15829,104.03,4140.78
Scream 4,58,57,3305,5656,38.18,242.84
Spy Kids: All The Time in the World,22,40,3295,3534,38.54,316.9
Arthur,26,49,3276,3731,33.04,114.34
Contagion,84,63,3222,6935,75.66,225.76
Diary of a Wimpy Kid 2: Rodrick Rules,47,63,3167,7500,52.7,344.84
Final Destination 5,61,56,3155,5715,42.59,394.72
I Am Number Four,32,57,3154,6167,55.1,249.8
In Time,38,55,3122,3860,37.52,434.83
Abduction,4,46,3118,3504,28.09,234.53
Mars Needs Moms,36,43,3117,2218,21.39,25.99
We Bought a Zoo,63,79,3117,3003,75.624,240.16
Fright Night,75,68,3114,2477,18.3,136.67
Immortals,36,59,3112,10349,83.5,302.54
The Adventures of Tintin,74,78,3087,3149,77.591,287.69
Bad Teacher,44,38,3049,10365,100.29,1080.98
Unknown,55,57,3043,7183,63.69,435.95
Horrible Bosses,69,72,3040,9310,117.54,598.97
Sucker Punch,23,48,3033,6284,36.39,109.5
Red Riding Hood,11,41,3030,4622,37.66,212.29
"Crazy, Stupid, Love",78,81,3020,6326,84.35,285.7
No Strings Attached,49,57,3018,6512,70.66,596.91
The Three Musketeers,24,48,3017,2875,20.37,176.37
Conan the Barbarian,22,34,3015,3324,21.3,54.22
What's Your Number,24,50,3002,1806,14.01,152.13
The Thing,36,52,2996,2835,16.93,72.18
Gnomeo and Juliet,56,52,2994,8469,99.97,538.8
Moneyball,95,89,2993,6516,75.6,220.4
Killer Elite,25,48,2986,3132,25.12,80.55
The Rite,20,43,2985,4955,33.05,259.59
Larry Crowne,34,46,2973,4405,35.61,240.03
Source Code,92,81,2961,5002,54.71,460.41
Hall Pass,35,44,2950,4588,45.06,231
The Dilemma,23,31,2940,6060,48.48,99.6
Friends With Benefits,71,68,2926,6364,55.8,427.26
Bridesmaids,90,77,2918,8995,169.11,887.33
The Girl With The Dragon Tattoo,87,89,2914,4382,102.06,257.96
The Change Up,24,53,2913,4645,37.08,145.09
30 Minutes or Less,43,48,2888,4616,37.05,144.81
Drive,93,79,2886,3929,35.06,507.83
A Very Harold and Kumar Christmas,72,71,2875,4506,35.06,186.25
Priest,17,37,2864,5221,29.14,130.51
The Adjustment Bureau,72,67,2840,7450,62.5,254.72
Water For Elephants,60,72,2817,5979,58.71,308.14
Season Of The Witch,10,32,2816,3769,24.83,229.07
Shark Night 3D,16,25,2806,2995,18.88,160.54
Paul,72,70,2802,4655,37.41,244.96
Sanctum,30,39,2787,3390,23.21,362.03
Your Highness,26,36,2769,3380,21.6,49.81
Don't Be Afraid Of The Dark,59,37,2760,3089,24.05,147.97
Limitless,69,73,2756,6860,79.25,599.44
The Sitter,22,43,2750,2582,30.441,139.76
Average,55,62,2733,8502,69,306.6
The Lincoln Lawyer,84,82,2707,4879,58.01,187.52
The Mechanic,53,52,2703,4226,29.12,127.68
Dream House,7,38,2661,3055,21.3,77
Extremely Loud and Incredibly Close,47,62,2630,3820,31.847,138.12
Colombiana,28,55,2614,3982,36.67,152.41
Our Idiot Brother,68,79,2555,2744,24.82,496.32
Hanna,71,67,2535,4880,40.26,212.6
The Help,75,91,2534,10278,169.71,866.56
The Roommate,4,29,2534,5921,37.3,253.08
Monte Carlo,38,50,2473,3014,23.19,198.33
50/50,93,93,2458,3517,35.01,489.84
Insidious,67,65,2408,5511,54.01,6467.27
Winnie The Pooh,91,79,2405,3267,26.69,110.51
War Horse,77,73,2376,6114,79.884,269.07
The Eagle,39,43,2296,3782,19.49,108.48
Drive Angry,45,38,2290,2265,10.72,64.29
The Rum Diary,50,48,2273,2259,13.11,53.21
Soul Surfer,46,79,2214,4789,43.85,261.6
The Ides of March,85,76,2199,4761,40.96,607.94
The Big Year,38,62,2150,1513,7.2,18.17
Take Me Home Tonight,28,46,2003,1730,6.93,27.71
Beastly,19,50,1952,5047,27.87,253.91
J.Edgar,42,84,1910,5873,37.31,241.73
Warrior,83,93,1869,2805,13.66,92.23
The Debt,76,70,1826,5427,31.18,228.18
One Day,37,54,1719,2955,13.84,395.92
Johnny English Reborn,38,55,1552,2470,8.31,355.73
Hugo,93,84,1277,8899,73.864,123.85
Midnight in Paris,93,84,944,6177,56.82,888.94
The Descendants,89,88,876,5000,82.58,886.22
Tinker Tailor Soldier Spy,83,68,809,6772,24.149,383.95
The Iron Lady,53,54,802,6749,30.017,884.27
The Conspirator,56,65,707,4960,11.54,61.91
The Artist,97,91,662,3583,44.671,833.95
Anonymous,46,66,265,3856,4.46,51.31
My Week with Marilyn,83,84,247,7174,14.6,350.57
Everything Must Go,74,53,218,3652,2.71,54.22
The Company Men,66,55,106,6111,4.44,32.55
The Beaver,62,57,22,4890,0.97,30.33
Cedar Rapids,86,61,15,20198,6.86,68.61
Shame,80,80,10,34952,3.09,259.6
Beginners,84,80,5,28268,5.79,447.19
The Tree Of Life,84,61,4,93230,13.3,169.7
21 Jump Street,85,82,3121,11632,138.45,479.97
A Late Quartet,NA,NA,9,8364,1.56,NA
A Royal Affair,NA,NA,7,5459,1.55,NA
Abraham Lincoln: Vampire Hunter,35,51,3108,5247,37.52,168.8
Agneepath,NA,NA,132,8640,1.99,NA
Albert Nobbs,NA,NA,245,2841,3.01,NA
American Reunion,44,63,3192,6740,57.01,469.98
Amour,NA,NA,3,22755,6.74,NA
Anna Karenina,63,51,16,20043,12.82,222.35
Arbitrage,87,63,197,10163,7.92,295.71
Argo,96,90,3232,6020,136.03,522.08
Atlas Shrugged: Part II,NA,NA,1012,1731,3.34,NA
Barfi!,NA,NA,132,8043,2.8,NA
Battleship,34,55,3690,6920,65.42,144.99
Beasts of the Southern Wild,86,76,4,42426,12.8,710.87
Big Miracle,74,64,2129,3645,20.16,61.8
Brave,78,76,4164,15928,237.28,291.34
Bully (PG-13),NA,NA,158,3389,3.86,NA
Casa De Mi Padre,NA,NA,382,5988,5.91,NA
Celeste and Jesse Forever,NA,NA,4,26946,3.09,NA
Chasing Mavericks,NA,NA,2002,1133,6,NA
Chernobyl Diaries,19,29,2433,3270,18.12,3715.76
Chronicle (2012),85,71,2907,7569,64.58,1055.3
Cloud Atlas,66,67,2008,4787,27.11,127.92
Contraband,51,58,2863,8505,66.53,385.05
Crooked Arrows,NA,NA,55,4679,1.83,NA
Dabangg 2,NA,NA,166,6140,2.52,NA
Dark Shadows,38,46,3755,7906,79.73,163.68
Diary of a Wimpy Kid: Dog Days,51,64,3391,4312,49.01,350.51
Django Unchained,88,92,3010,10008,162.81,425.37
Dr. Seuss' The Lorax,54,64,3729,18830,214.03,498.34
Dredd,78,72,2506,2505,13.41,71.25
Ek Tha Tiger,NA,NA,120,9495,2.35,NA
End of Watch,85,86,2730,4818,41,687.52
English Vinglish,NA,NA,88,8471,1.86,NA
Farewell My Queen,NA,NA,4,18025,1.6,NA
Flight,78,75,1884,13217,93.77,521.85
Footnote,NA,NA,2,23764,2.01,NA
For Greater Glory,NA,NA,757,2491,5.67,NA
Frankenweenie,87,70,3005,3798,35.29,208.95
Friends with Kids,NA,NA,369,5472,7.25,NA
Ghost Rider: Spirit of Vengeance,17,32,3174,6968,51.77,232.57
Girl in Progress,NA,NA,322,4298,2.61,NA
Goon,NA,NA,241,5116,4.17,NA
Haywire,80,40,2439,3454,18.94,145.1
Hitchcock,NA,NA,17,16924,6.01,NA
Hope Springs,74,56,2361,6205,63.54,380.94
Hotel Transylvania,45,72,3349,12697,148.31,421.62
House at the End of The Street,10,42,3083,3985,31.61,394.62
Housefull 2,NA,NA,121,7001,1.79,NA
Hyde Park on Hudson,NA,NA,4,20341,6.38,NA
Hysteria,NA,NA,5,7131,1.8,NA
Ice Age: Continental Drift,37,63,3881,12015,161.32,923.42
Jab Tak Hai Jaan,NA,NA,161,7973,3.05,NA
Jack Reacher,61,67,3352,4538,80.07,363.9
"Jeff, Who Lives at Home",NA,NA,254,3369,4.27,NA
Jiro Dreams of Sushi,NA,NA,2,21018,2.55,NA
John Carter,51,60,3749,8050,73.08,113.66
Journey 2: The Mysterious Island,52,60,3470,7878,103.86,424.38
Katy Perry: Part of Me,78,73,2730,2615,25.33,272.72
Kid With a Bike,NA,NA,3,15311,1.47,NA
Killer Joe,NA,NA,3,12633,1.99,NA
Killing Them Softly,75,44,2424,2811,15.03,252.87
Last Ounce of Courage,NA,NA,1407,1127,3.33,NA
Lawless,67,75,2888,3463,37.4,206.45
Les Miserables (2012),70,79,2814,9695,148.81,724.28
Life of Pi,87,85,2927,7670,124.99,507.51
Lincoln,90,81,11,85846,182.21,423.53
Looper,93,82,2992,6952,66.49,588.36
Madagascar 3: Europe's Most Wanted,79,73,4258,14166,216.39,515.12
Magic Mike,80,61,2930,13354,113.72,2388.88
Man on a Ledge,32,52,2998,2669,18.62,110.05
Marley,NA,NA,42,6238,1.41,NA
Marvel's The Avengers,92,91,4349,47698,623.36,690.27
MIB 3,70,71,4248,12851,179.02,277.35
Mirror Mirror,49,45,3603,5032,64.94,195.5
Monsieur Lazhar (U.S.-only),NA,NA,19,5905,2.01,NA
Moonrise Kingdom,94,86,4,130749,45.51,142.19
Nitro Circus the Movie 3D,NA,NA,800,1480,3.38,NA
October Baby (2012),NA,NA,390,4352,5.16,NA
Paranormal Activity 4,24,36,3412,8501,53.92,2856.78
ParaNorman,87,72,3429,4108,56,178.57
Parental Guidance,18,61,3367,4323,77.27,479.09
Pitch Perfect,81,83,335,15371,65,664.95
Premium Rush,76,60,2255,2674,20.28,88.81
Prometheus,74,69,3396,15032,126.48,310.27
Promised Land (2012),NA,NA,25,6957,7.6,NA
Raiders of the Lost Ark (IMAX),NA,NA,267,6269,3.13,NA
Red Dawn (2012),12,52,2724,5241,44.81,68.93
Red Tails,40,58,2512,7477,49.88,86.84
Resident Evil: Retribution,31,51,3012,6989,42.35,369.48
Rise of the Guardians,74,81,3653,6508,103.41,211.68
Robot & Frank,NA,NA,2,17770,3.33,NA
Rock of Ages,41,55,3470,4161,38.52,79.22
Ruby Sparks,NA,NA,13,10832,2.54,NA
Rust and Bone,NA,NA,2,13577,2.06,NA
Safe (2012),57,60,2266,3483,17.14,134.49
Safe House,53,64,3119,12880,126.37,244.8
Safety Not Guaranteed,NA,NA,9,10862,4.01,NA
Salmon Fishing in the Yemen,67,64,18,12550,9.05,238.38
Samsara,NA,NA,2,38111,2.67,NA
Savages (2012),51,55,2628,6095,47.38,184.37
Searching for Sugar Man,NA,NA,3,9153,3.7,NA
Seeking a Friend for the End of the World,NA,NA,1625,2352,7.08,NA
Seven Psychopaths,83,71,1480,2821,15.02,129.48
Silver Linings Playbook,92,86,16,27688,132.09,1125.77
Singin' In the Rain (2012 re-release),NA,NA,561,1047,1.61,NA
Sinister,63,61,2527,7126,48.09,2590.41
Skyfall,92,86,3505,25211,304.36,554.28
Sleepwalk with Me,NA,NA,1,68801,2.27,NA
Snow White and the Huntsman,48,52,3773,14900,155.33,233.29
Sparkle (2012),57,65,2244,5189,24.4,175.98
Step Up Revolution,42,69,2567,4570,35.07,425.67
Taken 2,21,54,3661,13525,139.85,835.87
Talaash,NA,NA,172,9527,2.87,NA
Ted,68,74,3239,16800,218.82,1098.74
That's My Boy,20,53,3030,4440,36.93,82.46
The Amazing Spider-Man,73,77,4318,14360,262.03,327.05
The Apparition,NA,NA,810,3508,4.94,NA
The Best Exotic Marigold Hotel,78,79,27,27298,46.41,1368.36
The Bourne Legacy,56,58,3745,10185,113.2,220.92
The Cabin in the Woods,92,73,2811,5245,42.07,221.62
The Campaign,65,51,3205,8296,86.91,NA
The Cold Light of Day,NA,NA,1511,1212,3.76,NA
The Collection,NA,NA,1403,2213,6.84,NA
The Dark Knight Rises,88,90,4404,36532,448.14,433.78
The Devil Inside,6,22,2285,14763,53.26,10175.85
The Dictator,57,45,3008,5796,59.65,275.97
The Expendables 2,65,68,3316,8622,85.03,305.43
The Five-Year Engagement,63,52,2936,3614,28.84,179.7
The Grey,79,61,3185,6174,51.58,309.11
The Guilt Trip,38,40,2431,2176,37.13,104.65
The Hobbit: An Unexpected Journey,65,83,4045,20919,303,508.5
The Hunger Games,84,81,4137,36871,408.01,886.22
The Impossible,81,85,15,9588,19.02,600.91
The Lucky One,20,68,3155,7137,60.46,397.43
The Master,85,59,5,147262,16.38,88.31
The Perks of Being a Wallflower,85,89,4,57090,17.74,256.8
The Pirates! Band of Misfits,86,60,3358,3317,31.05,223.73
The Possession,40,49,2816,6297,49.13,610.33
The Queen of Versailles,NA,NA,3,17109,2.4,NA
The Raid: Redemption,NA,NA,14,15270,4.11,NA
The Sessions,NA,NA,4,28367,6,NA
The Three Stooges,52,49,3477,4892,44.34,182.73
The Twilight Saga: Breaking Dawn Part 2,48,71,4070,34660,292.32,691.4
The Vow,29,63,2958,13929,125.01,653.72
The Watch,17,40,3168,4025,35.35,100.39
The Woman in Black,66,55,2855,7311,54.33,751.36
This Is 40,51,51,2912,3976,67.54,251.6
Total Recall (2012),30,47,3601,7103,58.88,158.77
Underworld Awakening,26,62,3078,8222,62.32,228.73
What to Expect When You're Expecting,22,48,3021,3491,41.15,210.96
Won't Back Down,NA,NA,2515,1035,5.31,NA
Wrath of the Titans,25,49,3545,9438,83.67,203.51
Wreck-It Ralph,86,87,3752,13070,189.42,285.59
Your Sister's Sister,NA,NA,13,8402,1.64,NA
Zero Dark Thirty,93,80,5,83430,95.72,332.05
About Time,69,83,1280,841,15.32,NA
The Fifth Estate,37,40,1769,946,3.26,30.55
Parker,41,49,2238,3131,17.62,132.05
The To-Do List,52,48,591,2672,3.49,237.75
Grown Ups 2,7,55,3491,11890,133.67,308.73
After Earth,11,38,3401,8092,60.52,187.57
Captain Phillips,93,92,3143,8183,106.24,393.61
Escape Plan,49,59,2883,3429,25.13,266.75
Prisoners,82,88,3290,6327,61,265.49
Stoker,68,61,275,584,1.71,100.65
Walking with Dinosaurs,25,41,3243,2187,34.69,141.49
Love is All You Need,74,60,101,364,1.63,182.13
The Kings of Summer,76,77,65,907,1.32,500.85
Iron Man 3,78,80,4253,40946,409.01,607.72
Despicable Me 2,74,85,4003,20864,368.06,1269.42
THG: Catching Fire,90,92,4163,37971,420.02,658.38
The Desolation of Smaug,75,85,3928,18749,252.33,376.59
Frozen,89,89,3742,65,347.9,540.27
Fast & Furious 6,69,84,3771,25822,238.68,492.92
Monsters University,78,83,4004,20587,268.49,371.78
Gravity,97,85,3820,14603,261.21,688.51
Man of Steel,55,76,4207,27720,291.05,296.91
Thor: The Dark World,65,83,3841,22322,204.51,372.3
The Croods,70,79,4065,10735,187.17,434.97
World War Z,67,73,3607,18412,202.36,284.21
Oz The Great & Powerful,59,57,3912,20223,234.91,229.45
Star Trek Into Darkness,87,90,3907,17959,228.78,245.98
The Wolverine,69,70,3924,13536,132.56,345.69
Pacific Rim,71,78,3285,11350,101.8,216.32
G.I. Joe: Retaliation,28,49,3734,10847,122.52,289.03
The Hangover Part III,19,45,3565,11689,112.2,351.46
Now You See Me,50,71,3082,9523,117.72,468.97
The Great Gatsby,49,68,3550,14109,144.84,334.32
The Smurfs 2,14,58,3867,4538,71.02,331
The Conjuring,86,83,3115,13437,137.4,1590
A Good Day to Die Hard,14,42,3555,6986,67.35,331.15
Oblivion,53,61,3792,9772,89.11,238.47
Elysium,68,60,3284,9077,93.05,248.82
Turbo,67,67,3809,5595,83.03,209.31
We're the Millers,47,73,3445,7669,150.39,729.71
Epic,64,66,3894,8611,107.52,268.43
The Lone Ranger,31,55,3904,7482,89.3,121.16
Cloudy with a Chance of Meatballs 2,70,66,4001,8502,118.87,330.48
The Heat,66,73,3184,12285,159.58,534.72
Hansel & Gretel,15,54,3375,5834,55.7,451.41
Planes,26,51,3716,5983,90.29,439.58
White House Down,50,63,3222,7713,73.1,136.91
Percy Jackson: Sea of Monsters,40,58,3080,4676,68.56,222.05
Jack the Giant Slayer,52,56,3525,7717,65.19,101.38
The Wolf of Wall Street,77,83,2557,7181,98.51,175.61
Identity Thief,19,55,3230,10697,134.51,497.04
The Secret Life of Walter Mitty,48,76,2922,4369,56.34,187.83
Lee Daniels' The Butler,73,80,3330,7399,116.6,559.03
Anchorman 2,75,62,3507,7480,123.8,331.01
American Hustle,93,79,2629,282,127,406
Insidious Chapter 2,37,60,3155,12765,83.59,3230.06
Olympus Has Fallen,48,68,3106,9779,98.93,230.04
Bad Grandpa,61,66,3345,9583,102,993.35
Mama,66,57,2781,10213,71.63,976.19
Red 2,42,64,3016,5984,53.26,169.14
2 Guns,64,68,3028,8936,75.61,216.3
12 years a slave,96,92,1474,627,49.28,640.9
This is the End,83,73,3055,6782,101.47,393.88
47 Ronin,12,56,2690,3684,38.06,69.57
Last Vegas,47,62,3237,5046,63.75,420.51
Warm Bodies,80,74,3009,6764,66.38,334.23
Ender's Game,61,72,3407,7930,61.74,102.03
Gangster Squad,32,59,3103,5501,46,175.33
Riddick,58,56,3117,6105,42.03,258.78
Evil Dead,62,64,3025,8521,54.24,573.78
42,78,86,3405,8073,95.02,237.55
Blue Jasmine,91,81,1283,477,33.2,526.68
Lone Survivor,74,NA,3285,28,93.91,234.79
The Internship,34,54,3399,5097,44.67,161.19
Saving Mr. Banks,81,89,2671,155,79.16,260.74
Free Birds,18,47,3736,4231,55.44,165.16
The Mortal Instruments: City of Bones,12,61,3118,2995,31.17,150.94
Rush,89,92,2308,81,26.95,237.49
The Purge,37,37,2591,13145,64.47,2977.62
Pain and Gain,49,48,3303,6129,49.88,331.44
Philomena,92,91,1225,105,33.22,707.23
Carrie,49,48,3157,5100,35.27,280.1
Scary Movie 5,4,41,3402,4161,32.02,391.89
R.I.P.D.,13,39,2852,4450,33.62,60.25
The Best Man Holiday,67,90,2041,14751,70.53,421.32
Safe Haven,12,68,3223,6640,71.35,254.82
The Counselor,34,25,3044,2577,16.97,280.95
The Call,43,66,2507,6828,51.87,527.48
Side Effects,84,71,2605,3571,32.17,211.24
Runner Runner,9,34,3026,2547,19.32,208.92
Beautiful Creatures,37,34,2950,2570,19.45,100.09
A Haunted House,10,54,2160,8380,40.04,2397.67
Kick-Ass 2,29,62,2945,4527,28.8,212.7
Quartet,80,65,725,65,18.39,541.09
The Last Stand,60,55,2913,2156,12.05,107.4
The Host,8,50,3202,3310,26.63,120.57
The World's End,89,73,1553,5674,26,230.45
21 and Over,28,49,2771,3159,25.68,350.63
Snitch,56,63,2511,5244,42.93,286.2
Jobs,27,85,2381,2820,16.13,299.43
The Place Beyond the Pines,81,75,1584,176,21.4,236.57
August: Osage County,65,72,2411,74,26.51,141.82
Spring Breakers,65,39,1379,191,14.12,634.49
Homefront,40,66,2570,2691,20.16,142.54
Delivery Man,38,52,3036,2617,30.13,120.5
Dallas Buyers Club,94,92,1110,235,24.85,616.9
Don Jon,81,64,2422,3583,24.48,507.51
Her,94,85,1729,151,24.12,132.02
Movie 43,4,25,2023,2376,8.84,498.77
Grudge Match,28,57,2856,2459,29.24,73.09
Mandela: Long Walk to Freedom,58,73,1010,83,8.08,77.89
Dark Skies,39,50,2313,3540,17.42,754.91
Enough Said,96,78,835,279,17.55,305.23
Trance,68,64,443,296,2.33,121.31
Inside Llewyn Davis,94,76,729,556,12,210.97
"The Way, Way Back",85,85,1001,552,21.51,504.32
Baggage Claim,14,56,2230,4050,21.57,264.19
The Big Wedding,7,42,2633,2883,21.82,62.34
The Sapphires,91,76,126,305,2.45,226.93
Broken City,28,42,2622,3154,19.7,56.29
The Bling Ring,60,34,650,330,5.85,239.32
Dead Man Down,38,48,2188,2443,10.9,NA
Admission,38,34,2161,2848,18.01,138.52
Fruitvale Station,94,92,1086,356,16.1,1702.6
Battle of the Year,6,52,2008,2292,8.89,82.75
The Last Exorcism Part II,16,27,2700,2862,15.18,303.59
Machete Kills,29,39,2538,1512,8.01,NA
Paranoia,4,NA,2459,1435,7.39,39.39
I'm So Excited,47,38,99,983,1.37,NA
Nebraska,92,86,968,145,11.72,97.67
Out of the Furnace,52,53,2101,2485,11.31,51.5
Before Midnight,98,82,897,275,8.11,372.55
Getaway,2,36,2135,2110,10.5,58.34
Bullet to the Head,46,41,2404,1892,9.49,NA
Black Nativity,48,57,1525,2406,7.02,42.6
Blue Is the Warmest Color,90,87,142,706,2.16,134.01
Unfinished Song,64,71,91,283,1.7,NA
The Spectacular Now,92,NA,770,256,6.85,274.18
All Is Lost,93,66,483,194,6.22,73.68
Closed Circuit,42,33,870,2833,5.75,NA
The Company You Keep,55,45,807,163,5.13,256.65
Oldboy,43,37,583,1519,2.19,16.2
Frances Ha,93,78,233,590,4.07,58.14
Emperor,31,47,311,3261,3.35,NA
Stand Up Guys,37,47,670,2218,3.31,183.89
In a World,92,74,144,490,2.96,331
The East,74,66,195,395,2.3,36.95
No,93,79,99,725,2.34,NA
Renoir,68,57,86,758,2.29,39.06
Austenland,30,60,274,148,2.16,44.06
The Iceman,66,63,258,341,1.97,19.69
Girl Most Likely,20,35,351,1978,1.38,2.3
Wadjda,99,89,87,474,1.35,539.1
Much Ado About Nothing,84,78,222,775,4.33,NA
The Butler,73,79,2933,8400,116.63,559.14
The Canyons,22,NA,1,13351,0.06,77.21
The Call,43,66,2507,6828,51.87,527.48
The English Teacher,42,NA,2,3001,0.1,NA
John Dies at the End,61,53,1,12467,0.14,14.2
Lovelace,55,37,118,1564,0.36,15.25